js/app-boot-imports.test.mjs	real_hf_specialty_stays_in_hf	0.86
js/app-runtimes.mjs	real_hf_specialty_stays_in_hf	0.63
js/app-shell-deferred.mjs	real_hf_specialty_stays_in_hf	0.58
js/app-shell-expediente-shortcuts.mjs	real_hf_specialty_stays_in_hf	0.19
js/app-shell-expediente-shortcuts.test.mjs	real_hf_specialty_stays_in_hf	0.39
js/app-shell-keyboard.mjs	bug_fix_belongs_in_core	0.27
js/app-shell-keyboard.test.mjs	real_hf_specialty_stays_in_hf	0.25
js/app-shell-lazy-panels.mjs	bug_fix_belongs_in_core	0.43
js/app-shell-modals.mjs	real_hf_specialty_stays_in_hf	0.76
js/app-shell-tab-shortcuts.mjs	real_hf_specialty_stays_in_hf	0.14
js/app-shell.mjs	real_hf_specialty_stays_in_hf	0.50
js/app-state.mjs	real_hf_specialty_stays_in_hf	0.45
js/app.js	real_hf_specialty_stays_in_hf	0.46
js/censo-build.mjs	real_hf_specialty_stays_in_hf	0.45
js/censo-build.test.mjs	needs_human_review	0.26
js/censo-header-format.mjs	real_hf_specialty_stays_in_hf	0.85
js/censo-header-format.test.mjs	real_hf_specialty_stays_in_hf	0.62
js/censo-meds-format.mjs	real_hf_specialty_stays_in_hf	0.43
js/censo-meds-format.test.mjs	real_hf_specialty_stays_in_hf	0.21
js/censo-table-style.mjs	real_hf_specialty_stays_in_hf	0.39
js/clinical-access-runtime/bootstrap-apply.mjs	bug_fix_belongs_in_core	0.07
js/clinical-access-runtime/bootstrap-rank.mjs	real_hf_specialty_stays_in_hf	0.78
js/clinical-access-runtime/lifecycle.mjs	real_hf_specialty_stays_in_hf	0.70
js/clinical-access-runtime/mobile.mjs	real_hf_specialty_stays_in_hf	0.74
js/clinical-access-runtime/mobile.test.mjs	real_hf_specialty_stays_in_hf	0.49
js/clinical-access-runtime/patient-scope-prune.mjs	bug_fix_belongs_in_core	0.12
js/clinical-access-runtime/patient-scope-prune.test.mjs	real_hf_specialty_stays_in_hf	0.68
js/clinical-access-runtime/scope-evaluate.mjs	real_hf_specialty_stays_in_hf	0.43
js/clinical-access-runtime/scope-ops-user.mjs	real_hf_specialty_stays_in_hf	0.58
js/clinical-access-runtime/scope-ops.mjs	real_hf_specialty_stays_in_hf	0.09
js/clinical-access-runtime/scope-ops.test.mjs	real_hf_specialty_stays_in_hf	0.29
js/clinical-access-runtime/session-user.mjs	real_hf_specialty_stays_in_hf	0.14
js/clinical-access-runtime/state.mjs	real_hf_specialty_stays_in_hf	0.75
js/clinical-access-runtime.mjs	real_hf_specialty_stays_in_hf	0.62
js/clinical-access-runtime.test.mjs	real_hf_specialty_stays_in_hf	0.50
js/clinical-onboarding-early-boot.js	real_hf_specialty_stays_in_hf	0.88
js/clinical-ops-bundle-merge.mjs	real_hf_specialty_stays_in_hf	0.20
js/clinical-ops-sync.mjs	needs_human_review	0.12
js/clinical-privileges-mobile.test.mjs	real_hf_specialty_stays_in_hf	0.18
js/clinical-privileges.mjs	real_hf_specialty_stays_in_hf	0.34
js/clinical-repo-flag.mjs	real_hf_specialty_stays_in_hf	0.24
js/clinical-repo-flag.test.mjs	real_hf_specialty_stays_in_hf	0.36
js/clinical-repo-persist.mjs	bug_fix_belongs_in_core	0.09
js/clinical-repo-persist.test.mjs	bug_fix_belongs_in_core	0.07
js/clinical-scope-from-ops.mjs	real_hf_specialty_stays_in_hf	0.38
js/clinical-scope-from-ops.test.mjs	real_hf_specialty_stays_in_hf	0.58
js/clinical-session-context.mjs	real_hf_specialty_stays_in_hf	0.30
js/clinical-settings.mjs	real_hf_specialty_stays_in_hf	0.29
js/clinical-settings.test.mjs	needs_human_review	0.18
js/clinical-username.mjs	real_hf_specialty_stays_in_hf	0.12
js/clinical-username.test.mjs	real_hf_specialty_stays_in_hf	0.29
js/clinico-access-patient.mjs	real_hf_specialty_stays_in_hf	0.76
js/clinico-access.mjs	real_hf_specialty_stays_in_hf	0.62
js/cultivo-block-core.mjs	bug_fix_belongs_in_core	0.28
js/cultivo-block-core.test.mjs	bug_fix_belongs_in_core	0.26
js/document-export-client.mjs	real_hf_specialty_stays_in_hf	0.84
js/expediente-group-row.mjs	real_hf_specialty_stays_in_hf	0.84
js/expediente-group-row.test.mjs	real_hf_specialty_stays_in_hf	0.83
js/expediente-tabs-migrate.mjs	real_hf_specialty_stays_in_hf	0.22
js/expediente-tabs.mjs	real_hf_specialty_stays_in_hf	0.87
js/expediente-tabs.test.mjs	real_hf_specialty_stays_in_hf	0.89
js/features/agenda.mjs	real_hf_specialty_stays_in_hf	0.88
js/features/agenda.test.mjs	real_hf_specialty_stays_in_hf	0.55
js/features/app-tabs.mjs	real_hf_specialty_stays_in_hf	0.78
js/features/chrome.mjs	real_hf_specialty_stays_in_hf	0.73
js/features/clinical-census-filters-ui.mjs	real_hf_specialty_stays_in_hf	0.17
js/features/clinical-census-filters-ui.test.mjs	real_hf_specialty_stays_in_hf	0.35
js/features/clinical-onboarding-cloud-finish.mjs	real_hf_specialty_stays_in_hf	0.83
js/features/clinical-onboarding-existing-login.mjs	real_hf_specialty_stays_in_hf	0.67
js/features/clinical-onboarding-gate-flow.test.mjs	real_hf_specialty_stays_in_hf	0.61
js/features/clinical-onboarding-handlers.mjs	real_hf_specialty_stays_in_hf	0.92
js/features/clinical-onboarding-local-submit.mjs	real_hf_specialty_stays_in_hf	0.48
js/features/clinical-onboarding-main.mjs	real_hf_specialty_stays_in_hf	0.41
js/features/clinical-onboarding-main.test.mjs	needs_human_review	0.10
js/features/clinical-onboarding-nube.mjs	real_hf_specialty_stays_in_hf	0.83
js/features/clinical-onboarding-render.mjs	real_hf_specialty_stays_in_hf	0.81
js/features/clinical-onboarding-shell.mjs	real_hf_specialty_stays_in_hf	0.88
js/features/clinical-onboarding-sync-mode.mjs	real_hf_specialty_stays_in_hf	0.49
js/features/clinical-onboarding-team.mjs	real_hf_specialty_stays_in_hf	0.77
js/features/clinical-onboarding.test.mjs	real_hf_specialty_stays_in_hf	0.38
js/features/clinical-registration-submit.mjs	real_hf_specialty_stays_in_hf	0.77
js/features/clinical-registration.mjs	real_hf_specialty_stays_in_hf	0.86
js/features/clinical-rotation-entry.mjs	real_hf_specialty_stays_in_hf	0.32
js/features/clinical-rotation-rejoin-modal.mjs	real_hf_specialty_stays_in_hf	0.54
js/features/clinical-rotation-rejoin-modal.test.mjs	real_hf_specialty_stays_in_hf	0.42
js/features/clinical-rotation.mjs	real_hf_specialty_stays_in_hf	0.18
js/features/clinical-rotation.test.mjs	real_hf_specialty_stays_in_hf	0.43
js/features/clinical-teams/shared.mjs	real_hf_specialty_stays_in_hf	0.30
js/features/clinical-teams/teams-invite.mjs	real_hf_specialty_stays_in_hf	0.44
js/features/clinical-teams/teams-roster-bring-patients.mjs	real_hf_specialty_stays_in_hf	0.16
js/features/clinical-teams/teams-roster-bring-patients.test.mjs	real_hf_specialty_stays_in_hf	0.13
js/features/clinical-teams/teams-roster-create.mjs	real_hf_specialty_stays_in_hf	0.67
js/features/clinical-teams/teams-roster-directory-assign.mjs	real_hf_specialty_stays_in_hf	0.61
js/features/clinical-teams/teams-roster-directory-load.mjs	real_hf_specialty_stays_in_hf	0.48
js/features/clinical-teams/teams-roster-directory-render.mjs	real_hf_specialty_stays_in_hf	0.50
js/features/clinical-teams/teams-roster-directory-state.mjs	real_hf_specialty_stays_in_hf	0.71
js/features/clinical-teams/teams-roster-directory-wire.mjs	real_hf_specialty_stays_in_hf	0.24
js/features/clinical-teams/teams-roster-directory.mjs	real_hf_specialty_stays_in_hf	0.23
js/features/clinical-teams/teams-roster-form-delegation.mjs	real_hf_specialty_stays_in_hf	0.47
js/features/clinical-teams/teams-roster-inherit-patients.mjs	needs_human_review	0.21
js/features/clinical-teams/teams-roster-inherit-patients.test.mjs	real_hf_specialty_stays_in_hf	0.25
js/features/clinical-teams/teams-roster-interactions.mjs	real_hf_specialty_stays_in_hf	0.33
js/features/clinical-teams/teams-roster-manage.mjs	real_hf_specialty_stays_in_hf	0.20
js/features/clinical-teams/teams-roster-manage.test.mjs	real_hf_specialty_stays_in_hf	0.49
js/features/clinical-teams/teams-roster-panel-build.mjs	real_hf_specialty_stays_in_hf	0.69
js/features/clinical-teams/teams-roster-panel-build.test.mjs	real_hf_specialty_stays_in_hf	0.58
js/features/clinical-teams/teams-roster-panel-draft.mjs	real_hf_specialty_stays_in_hf	0.63
js/features/clinical-teams/teams-roster-panel.mjs	real_hf_specialty_stays_in_hf	0.30
js/features/clinical-teams/teams-roster-profile-claim.test.mjs	real_hf_specialty_stays_in_hf	0.25
js/features/clinical-teams/teams-roster-profile-persist.mjs	real_hf_specialty_stays_in_hf	0.27
js/features/clinical-teams/teams-roster-profile.mjs	real_hf_specialty_stays_in_hf	0.25
js/features/clinical-teams/teams-roster-render.mjs	real_hf_specialty_stays_in_hf	0.47
js/features/clinical-teams/teams-roster-shell.mjs	bug_fix_belongs_in_core	0.44
js/features/clinical-teams/teams-roster-submit.mjs	real_hf_specialty_stays_in_hf	0.74
js/features/clinical-teams/teams-roster-team-cards.mjs	real_hf_specialty_stays_in_hf	0.53
js/features/clinical-teams/teams-roster.mjs	real_hf_specialty_stays_in_hf	0.58
js/features/clinical-teams.mjs	real_hf_specialty_stays_in_hf	0.46
js/features/clinical-teams.test.mjs	real_hf_specialty_stays_in_hf	0.47
js/features/cloud-mobile/hydrate-identity.mjs	real_hf_specialty_stays_in_hf	0.64
js/features/cloud-mobile/login-ui.mjs	bug_fix_belongs_in_core	0.14
js/features/cloud-mobile/mutation-gate.mjs	real_hf_specialty_stays_in_hf	0.30
js/features/cloud-mobile/mutation-gate.test.mjs	real_hf_specialty_stays_in_hf	0.20
js/features/cloud-mobile/outbox-memory.mjs	needs_human_review	0.26
js/features/cloud-mobile/outbox-memory.test.mjs	needs_human_review	0.20
js/features/cloud-mobile/resolve-active-room.mjs	real_hf_specialty_stays_in_hf	0.10
js/features/cloud-mobile/resolve-active-room.test.mjs	real_hf_specialty_stays_in_hf	0.24
js/features/cloud-sync/api-client.mjs	real_hf_specialty_stays_in_hf	0.19
js/features/cloud-sync/api-client.test.mjs	real_hf_specialty_stays_in_hf	0.25
js/features/cloud-sync/api-transport.mjs	needs_human_review	0.11
js/features/cloud-sync/api-transport.test.mjs	bug_fix_belongs_in_core	0.08
js/features/cloud-sync/app-version.mjs	real_hf_specialty_stays_in_hf	0.30
js/features/cloud-sync/app-version.test.mjs	real_hf_specialty_stays_in_hf	0.46
js/features/cloud-sync/clinical-ops-hydrate.mjs	bug_fix_belongs_in_core	0.23
js/features/cloud-sync/cloud-census-collect.mjs	needs_human_review	0.01
js/features/cloud-sync/cloud-census-collect.test.mjs	real_hf_specialty_stays_in_hf	0.28
js/features/cloud-sync/cloud-census-sala-push.mjs	bug_fix_belongs_in_core	0.42
js/features/cloud-sync/cloud-clinical-ops-sala.mjs	real_hf_specialty_stays_in_hf	0.08
js/features/cloud-sync/cloud-clinical-ops-sala.test.mjs	real_hf_specialty_stays_in_hf	0.13
js/features/cloud-sync/cloud-lab-sidecar-index.mjs	real_hf_specialty_stays_in_hf	0.08
js/features/cloud-sync/cloud-lab-sidecar-index.test.mjs	bug_fix_belongs_in_core	0.01
js/features/cloud-sync/cloud-op-slim.mjs	bug_fix_belongs_in_core	0.21
js/features/cloud-sync/cloud-push-direct.mjs	real_hf_specialty_stays_in_hf	0.15
js/features/cloud-sync/cloud-push-direct.test.mjs	real_hf_specialty_stays_in_hf	0.17
js/features/cloud-sync/cloud-sala-upgrade.mjs	real_hf_specialty_stays_in_hf	0.02
js/features/cloud-sync/cloud-sala-upgrade.test.mjs	real_hf_specialty_stays_in_hf	0.04
js/features/cloud-sync/cloud-sync-crypto-wire.mjs	real_hf_specialty_stays_in_hf	0.20
js/features/cloud-sync/cloud-sync-crypto-wire.test.mjs	real_hf_specialty_stays_in_hf	0.29
js/features/cloud-sync/cloud-sync-diagnostics-human-format.mjs	real_hf_specialty_stays_in_hf	0.17
js/features/cloud-sync/cloud-sync-diagnostics.mjs	real_hf_specialty_stays_in_hf	0.08
js/features/cloud-sync/cloud-sync-diagnostics.test.mjs	real_hf_specialty_stays_in_hf	0.03
js/features/cloud-sync/cloud-sync-echo-guard.mjs	real_hf_specialty_stays_in_hf	0.10
js/features/cloud-sync/cloud-sync-echo-guard.test.mjs	needs_human_review	0.16
js/features/cloud-sync/cloud-sync-timing.mjs	real_hf_specialty_stays_in_hf	0.49
js/features/cloud-sync/cloud-sync-timing.test.mjs	real_hf_specialty_stays_in_hf	0.17
js/features/cloud-sync/crypto.mjs	real_hf_specialty_stays_in_hf	0.39
js/features/cloud-sync/crypto.test.mjs	real_hf_specialty_stays_in_hf	0.50
js/features/cloud-sync/ensure-turn-room.mjs	bug_fix_belongs_in_core	0.40
js/features/cloud-sync/ensure-turn-room.test.mjs	real_hf_specialty_stays_in_hf	0.51
js/features/cloud-sync/identity-bridge.mjs	real_hf_specialty_stays_in_hf	0.72
js/features/cloud-sync/identity-bridge.test.mjs	real_hf_specialty_stays_in_hf	0.13
js/features/cloud-sync/mutate-bridge-direct-push.mjs	bug_fix_belongs_in_core	0.29
js/features/cloud-sync/mutate-bridge-ops.mjs	real_hf_specialty_stays_in_hf	0.44
js/features/cloud-sync/mutate-bridge.mjs	real_hf_specialty_stays_in_hf	0.06
js/features/cloud-sync/mutate-bridge.test.mjs	real_hf_specialty_stays_in_hf	0.20
js/features/cloud-sync/nube-sync-policy.test.mjs	real_hf_specialty_stays_in_hf	0.81
js/features/cloud-sync/outbox-lab.mjs	real_hf_specialty_stays_in_hf	0.09
js/features/cloud-sync/outbox-lab.test.mjs	real_hf_specialty_stays_in_hf	0.13
js/features/cloud-sync/outbox-tombstones.mjs	bug_fix_belongs_in_core	0.30
js/features/cloud-sync/outbox.mjs	real_hf_specialty_stays_in_hf	0.28
js/features/cloud-sync/outbox.test.mjs	needs_human_review	0.24
js/features/cloud-sync/panel-admin-actions.mjs	real_hf_specialty_stays_in_hf	0.50
js/features/cloud-sync/panel-admin-data.mjs	real_hf_specialty_stays_in_hf	0.43
js/features/cloud-sync/panel-admin-equipos-actions.mjs	real_hf_specialty_stays_in_hf	0.17
js/features/cloud-sync/panel-admin-equipos-bulk.mjs	real_hf_specialty_stays_in_hf	0.09
js/features/cloud-sync/panel-admin-equipos-bulk.test.mjs	real_hf_specialty_stays_in_hf	0.48
js/features/cloud-sync/panel-admin-equipos-data.mjs	real_hf_specialty_stays_in_hf	0.37
js/features/cloud-sync/panel-admin-equipos-html-fields.mjs	real_hf_specialty_stays_in_hf	0.60
js/features/cloud-sync/panel-admin-equipos-html.mjs	real_hf_specialty_stays_in_hf	0.52
js/features/cloud-sync/panel-admin-equipos-row-persist.mjs	real_hf_specialty_stays_in_hf	0.60
js/features/cloud-sync/panel-admin-equipos.test.mjs	real_hf_specialty_stays_in_hf	0.54
js/features/cloud-sync/panel-admin-helpers.mjs	bug_fix_belongs_in_core	0.08
js/features/cloud-sync/panel-admin-html.mjs	real_hf_specialty_stays_in_hf	0.59
js/features/cloud-sync/panel-admin-html.test.mjs	real_hf_specialty_stays_in_hf	0.47
js/features/cloud-sync/panel-admin.mjs	real_hf_specialty_stays_in_hf	0.46
js/features/cloud-sync/panel-chrome.mjs	bug_fix_belongs_in_core	0.15
js/features/cloud-sync/panel-cloud-diagnostics.mjs	bug_fix_belongs_in_core	0.32
js/features/cloud-sync/panel-conexion-bootstrap.mjs	bug_fix_belongs_in_core	0.05
js/features/cloud-sync/panel-conexion-bootstrap.test.mjs	needs_human_review	0.06
js/features/cloud-sync/panel-conexion-handlers.mjs	bug_fix_belongs_in_core	0.14
js/features/cloud-sync/panel-conexion-handlers.test.mjs	needs_human_review	0.09
js/features/cloud-sync/panel-conexion-html.mjs	real_hf_specialty_stays_in_hf	0.15
js/features/cloud-sync/panel-conexion-html.test.mjs	needs_human_review	0.06
js/features/cloud-sync/panel-conexion-runtime.mjs	real_hf_specialty_stays_in_hf	0.38
js/features/cloud-sync/panel-conexion-tour.mjs	bug_fix_belongs_in_core	0.22
js/features/cloud-sync/panel-conexion-views.mjs	real_hf_specialty_stays_in_hf	0.26
js/features/cloud-sync/panel-conexion.mjs	real_hf_specialty_stays_in_hf	0.36
js/features/cloud-sync/panel-conexion.test.mjs	real_hf_specialty_stays_in_hf	0.34
js/features/cloud-sync/pull-apply-state.mjs	bug_fix_belongs_in_core	0.15
js/features/cloud-sync/pull-apply.mjs	real_hf_specialty_stays_in_hf	0.36
js/features/cloud-sync/pull-apply.test.mjs	real_hf_specialty_stays_in_hf	0.16
js/features/cloud-sync/push-mutation-id.mjs	real_hf_specialty_stays_in_hf	0.20
js/features/cloud-sync/recovery-modal.mjs	bug_fix_belongs_in_core	0.09
js/features/cloud-sync/recovery-modal.test.mjs	real_hf_specialty_stays_in_hf	0.12
js/features/cloud-sync/register-during-onboarding.mjs	real_hf_specialty_stays_in_hf	0.47
js/features/cloud-sync/room-dek-migrate.mjs	bug_fix_belongs_in_core	0.34
js/features/cloud-sync/room-dek-migrate.test.mjs	real_hf_specialty_stays_in_hf	0.18
js/features/cloud-sync/room-dek.mjs	real_hf_specialty_stays_in_hf	0.16
js/features/cloud-sync/room-dek.test.mjs	real_hf_specialty_stays_in_hf	0.12
js/features/cloud-sync/room-sync-ws-internals.mjs	real_hf_specialty_stays_in_hf	0.12
js/features/cloud-sync/room-sync-ws.mjs	real_hf_specialty_stays_in_hf	0.13
js/features/cloud-sync/room-sync-ws.test.mjs	real_hf_specialty_stays_in_hf	0.14
js/features/cloud-sync/sala-allowlist.mjs	real_hf_specialty_stays_in_hf	0.96
js/features/cloud-sync/sala-allowlist.test.mjs	real_hf_specialty_stays_in_hf	0.92
js/features/cloud-sync/settings.mjs	real_hf_specialty_stays_in_hf	0.26
js/features/cloud-sync/settings.test.mjs	real_hf_specialty_stays_in_hf	0.14
js/features/cloud-sync/sync-runtime-cycle-flush.test.mjs	needs_human_review	0.03
js/features/cloud-sync/sync-runtime-cycle-test-helpers.mjs	real_hf_specialty_stays_in_hf	0.26
js/features/cloud-sync/sync-runtime-cycle.mjs	real_hf_specialty_stays_in_hf	0.14
js/features/cloud-sync/sync-runtime-cycle.test.mjs	real_hf_specialty_stays_in_hf	0.40
js/features/cloud-sync/sync-runtime-pull-push.mjs	real_hf_specialty_stays_in_hf	0.06
js/features/cloud-sync/sync-runtime-schedule.mjs	real_hf_specialty_stays_in_hf	0.13
js/features/cloud-sync/sync-runtime.mjs	bug_fix_belongs_in_core	0.35
js/features/db-unlock-change-pass.mjs	real_hf_specialty_stays_in_hf	0.89
js/features/db-unlock-completion.mjs	real_hf_specialty_stays_in_hf	0.51
js/features/db-unlock-migration.mjs	real_hf_specialty_stays_in_hf	0.13
js/features/db-unlock-submit.mjs	bug_fix_belongs_in_core	0.64
js/features/db-unlock.mjs	real_hf_specialty_stays_in_hf	0.64
js/features/diagrams-render.mjs	needs_human_review	0.04
js/features/estado-actual-data-merge.mjs	bug_fix_belongs_in_core	0.29
js/features/estado-actual-data-revision.mjs	real_hf_specialty_stays_in_hf	0.16
js/features/estado-actual-data-snapshot.mjs	bug_fix_belongs_in_core	0.17
js/features/estado-actual-data.mjs	real_hf_specialty_stays_in_hf	0.63
js/features/estado-actual-data.test.mjs	real_hf_specialty_stays_in_hf	0.18
js/features/estado-actual-med-ui.mjs	real_hf_specialty_stays_in_hf	0.09
js/features/estado-actual-med-ui.test.mjs	real_hf_specialty_stays_in_hf	0.07
js/features/estado-actual-meds-dropdown.mjs	real_hf_specialty_stays_in_hf	0.23
js/features/estado-actual-meds-receta-buckets.mjs	real_hf_specialty_stays_in_hf	0.15
js/features/estado-actual-meds.mjs	real_hf_specialty_stays_in_hf	0.31
js/features/estado-actual-meds.test.mjs	real_hf_specialty_stays_in_hf	0.37
js/features/estado-actual-panel-action-bar.test.mjs	real_hf_specialty_stays_in_hf	0.79
js/features/estado-actual-panel-actions.mjs	real_hf_specialty_stays_in_hf	0.11
js/features/estado-actual-panel-clinico-html.mjs	real_hf_specialty_stays_in_hf	0.53
js/features/estado-actual-panel-clinico.mjs	real_hf_specialty_stays_in_hf	0.87
js/features/estado-actual-panel-glu-row.mjs	real_hf_specialty_stays_in_hf	0.30
js/features/estado-actual-panel-registro-io-active-patient.test.mjs	real_hf_specialty_stays_in_hf	0.36
js/features/estado-actual-panel-registro.mjs	real_hf_specialty_stays_in_hf	0.35
js/features/estado-actual-panel-render.mjs	real_hf_specialty_stays_in_hf	0.51
js/features/estado-actual-panel-snapshot-html.mjs	real_hf_specialty_stays_in_hf	0.11
js/features/estado-actual-panel-snapshot-html.test.mjs	real_hf_specialty_stays_in_hf	0.16
js/features/estado-actual-panel-snapshot.mjs	real_hf_specialty_stays_in_hf	0.24
js/features/estado-actual-panel-vitals.mjs	real_hf_specialty_stays_in_hf	0.59
js/features/estado-actual-panel.mjs	real_hf_specialty_stays_in_hf	0.30
js/features/estado-actual-registro-defaults.mjs	real_hf_specialty_stays_in_hf	0.24
js/features/estado-actual-registro-modal.mjs	real_hf_specialty_stays_in_hf	0.53
js/features/estado-actual-text-build.mjs	bug_fix_belongs_in_core	0.20
js/features/estado-actual-text.mjs	real_hf_specialty_stays_in_hf	0.32
js/features/estado-actual-vital-series-helpers.mjs	bug_fix_belongs_in_core	0.21
js/features/estado-actual-vital-series.test.mjs	bug_fix_belongs_in_core	0.21
js/features/expediente/expediente-cultivos-atb-ui.mjs	real_hf_specialty_stays_in_hf	0.03
js/features/expediente/expediente-cultivos-parse.mjs	real_hf_specialty_stays_in_hf	0.33
js/features/expediente/expediente-cultivos-table.mjs	real_hf_specialty_stays_in_hf	0.47
js/features/expediente/expediente-cultivos-table.test.mjs	real_hf_specialty_stays_in_hf	0.18
js/features/expediente/expediente-datos.mjs	real_hf_specialty_stays_in_hf	0.66
js/features/expediente/expediente-listado.mjs	real_hf_specialty_stays_in_hf	0.83
js/features/expediente-group-row-ui.mjs	real_hf_specialty_stays_in_hf	0.36
js/features/expediente-inner-cache.mjs	real_hf_specialty_stays_in_hf	0.91
js/features/expediente-navigation.mjs	real_hf_specialty_stays_in_hf	0.83
js/features/guardia-census-table.mjs	real_hf_specialty_stays_in_hf	0.47
js/features/guardia-census-table.test.mjs	real_hf_specialty_stays_in_hf	0.29
js/features/header-context.mjs	bug_fix_belongs_in_core	0.38
js/features/header-context.test.mjs	real_hf_specialty_stays_in_hf	0.22
js/features/inicio-turno/inicio-turno-panel.test.mjs	real_hf_specialty_stays_in_hf	0.34
js/features/inicio-turno/inicio-turno-summary.test.mjs	bug_fix_belongs_in_core	0.80
js/features/interconsulta-mode-chrome.mjs	real_hf_specialty_stays_in_hf	0.94
js/features/interconsulta-mode-chrome.test.mjs	real_hf_specialty_stays_in_hf	0.79
js/features/lab-bulk-preview-modal.mjs	real_hf_specialty_stays_in_hf	0.41
js/features/lab-bulk-preview-modal.test.mjs	real_hf_specialty_stays_in_hf	0.14
js/features/lab-history-batch-copy-modal.mjs	bug_fix_belongs_in_core	0.35
js/features/lab-panel-history-dedupe.mjs	real_hf_specialty_stays_in_hf	0.47
js/features/lab-panel-history.mjs	real_hf_specialty_stays_in_hf	0.46
js/features/lab-panel-output-helpers.mjs	real_hf_specialty_stays_in_hf	0.66
js/features/lab-panel-parse.mjs	bug_fix_belongs_in_core	0.29
js/features/lab-panel-workbench-store.mjs	real_hf_specialty_stays_in_hf	0.56
js/features/lab-panel-workbench-store.test.mjs	real_hf_specialty_stays_in_hf	0.13
js/features/lab-panel-workbench.mjs	real_hf_specialty_stays_in_hf	0.24
js/features/lab-panel.mjs	real_hf_specialty_stays_in_hf	0.87
js/features/lab-repo-batch-import.mjs	bug_fix_belongs_in_core	0.13
js/features/lab-repo-batch-import.test.mjs	bug_fix_belongs_in_core	0.05
js/features/med-pharm-profile-render-helpers.mjs	real_hf_specialty_stays_in_hf	0.05
js/features/medications-actions.mjs	real_hf_specialty_stays_in_hf	0.73
js/features/medications-egreso-text.mjs	real_hf_specialty_stays_in_hf	0.00
js/features/medications-panel-cache.mjs	real_hf_specialty_stays_in_hf	0.56
js/features/medications-panel-render.mjs	real_hf_specialty_stays_in_hf	0.97
js/features/medications-panel-rows.mjs	real_hf_specialty_stays_in_hf	0.43
js/features/medications-panel-rows.test.mjs	real_hf_specialty_stays_in_hf	0.24
js/features/medications-soap-footer.mjs	real_hf_specialty_stays_in_hf	0.35
js/features/medications.mjs	real_hf_specialty_stays_in_hf	0.21
js/features/nota-evolucion/nota-evolucion-html.mjs	bug_fix_belongs_in_core	0.19
js/features/nota-evolucion/nota-evolucion-primary-tab.mjs	real_hf_specialty_stays_in_hf	0.38
js/features/nota-evolucion/nota-evolucion-state.mjs	real_hf_specialty_stays_in_hf	0.12
js/features/notes-indicaciones.mjs	real_hf_specialty_stays_in_hf	0.18
js/features/paste-smart.mjs	real_hf_specialty_stays_in_hf	0.03
js/features/patient-dashboard/consult-band.mjs	real_hf_specialty_stays_in_hf	0.96
js/features/patient-dashboard/consult-band.test.mjs	real_hf_specialty_stays_in_hf	0.92
js/features/patient-dashboard/dashboard-html.mjs	real_hf_specialty_stays_in_hf	0.98
js/features/patient-dashboard/dashboard-html.test.mjs	real_hf_specialty_stays_in_hf	0.77
js/features/patient-dashboard/dashboard-model.mjs	real_hf_specialty_stays_in_hf	0.96
js/features/patient-dashboard/dashboard-model.test.mjs	real_hf_specialty_stays_in_hf	0.39
js/features/patient-dashboard/dashboard-mount.mjs	real_hf_specialty_stays_in_hf	0.69
js/features/patient-dashboard/dashboard-mount.test.mjs	bug_fix_belongs_in_core	0.02
js/features/patient-dashboard/ic-modal.mjs	real_hf_specialty_stays_in_hf	0.52
js/features/patient-dashboard/ic-modal.test.mjs	real_hf_specialty_stays_in_hf	0.60
js/features/patient-dashboard/interconsult-catalog.mjs	real_hf_specialty_stays_in_hf	0.65
js/features/patient-dashboard/interconsult-catalog.test.mjs	real_hf_specialty_stays_in_hf	0.18
js/features/patient-dashboard/patient-dashboard-css.test.mjs	bug_fix_belongs_in_core	0.36
js/features/patients-card-html.mjs	real_hf_specialty_stays_in_hf	0.63
js/features/patients-card-html.test.mjs	real_hf_specialty_stays_in_hf	0.42
js/features/patients-clinical-filter.mjs	real_hf_specialty_stays_in_hf	0.31
js/features/patients-clinical-filter.test.mjs	real_hf_specialty_stays_in_hf	0.34
js/features/patients-default-id.mjs	real_hf_specialty_stays_in_hf	0.15
js/features/patients-default-id.test.mjs	real_hf_specialty_stays_in_hf	0.06
js/features/patients-list/copy-team-estado-actual.mjs	real_hf_specialty_stays_in_hf	0.15
js/features/patients-list/copy-team-estado-actual.test.mjs	bug_fix_belongs_in_core	0.09
js/features/patients-list/copy-team-labs.mjs	real_hf_specialty_stays_in_hf	0.13
js/features/patients-list/copy-team-labs.test.mjs	bug_fix_belongs_in_core	0.06
js/features/patients-list.mjs	real_hf_specialty_stays_in_hf	0.91
js/features/patients-list.test.mjs	real_hf_specialty_stays_in_hf	0.19
js/features/patients-modal-commit.mjs	real_hf_specialty_stays_in_hf	0.56
js/features/patients-modal.mjs	real_hf_specialty_stays_in_hf	0.45
js/features/patients-scope-ea-form-guard.test.mjs	real_hf_specialty_stays_in_hf	0.54
js/features/patients-scope-filters-bar.mjs	real_hf_specialty_stays_in_hf	0.81
js/features/patients-scope-filters-bar.test.mjs	real_hf_specialty_stays_in_hf	0.41
js/features/patients-scope.mjs	real_hf_specialty_stays_in_hf	0.71
js/features/patients-select.mjs	real_hf_specialty_stays_in_hf	0.53
js/features/patients-select.test.mjs	real_hf_specialty_stays_in_hf	0.35
js/features/patients-tab-preserve.test.mjs	real_hf_specialty_stays_in_hf	0.60
js/features/patients.mjs	real_hf_specialty_stays_in_hf	0.53
js/features/platform/audit.mjs	bug_fix_belongs_in_core	0.22
js/features/platform/import-backup/backup-payload.mjs	real_hf_specialty_stays_in_hf	0.06
js/features/platform/import-backup/export-patients-modal.mjs	real_hf_specialty_stays_in_hf	0.98
js/features/platform/import-backup/import-core.mjs	real_hf_specialty_stays_in_hf	0.77
js/features/platform/import-backup/import-core.test.mjs	real_hf_specialty_stays_in_hf	0.39
js/features/platform/import-backup/import-handlers.mjs	bug_fix_belongs_in_core	0.10
js/features/platform/import-backup/preimport.mjs	bug_fix_belongs_in_core	0.40
js/features/platform/index.mjs	real_hf_specialty_stays_in_hf	0.74
js/features/platform/platform-imports.test.mjs	bug_fix_belongs_in_core	0.27
js/features/platform/updater/electron-bridge.mjs	bug_fix_belongs_in_core	0.38
js/features/platform/updater/electron-handlers.mjs	bug_fix_belongs_in_core	0.29
js/features/productivity-confirm.test.mjs	bug_fix_belongs_in_core	0.05
js/features/productivity.mjs	bug_fix_belongs_in_core	0.06
js/features/profile-app-mode.mjs	real_hf_specialty_stays_in_hf	0.80
js/features/profile-formats.mjs	real_hf_specialty_stays_in_hf	0.23
js/features/profile-load-fields.mjs	real_hf_specialty_stays_in_hf	0.83
js/features/profile-load-sync.mjs	real_hf_specialty_stays_in_hf	0.49
js/features/profile-prefs.mjs	bug_fix_belongs_in_core	0.20
js/features/profile-runtime.mjs	real_hf_specialty_stays_in_hf	0.76
js/features/profile-save.mjs	real_hf_specialty_stays_in_hf	0.81
js/features/profile.mjs	real_hf_specialty_stays_in_hf	0.28
js/features/receta-hu-actions.mjs	real_hf_specialty_stays_in_hf	0.41
js/features/receta-hu-actions.test.mjs	real_hf_specialty_stays_in_hf	0.60
js/features/receta-hu-shared.mjs	real_hf_specialty_stays_in_hf	0.09
js/features/resumen-glance-cache.mjs	real_hf_specialty_stays_in_hf	0.61
js/features/resumen-glance-cache.test.mjs	real_hf_specialty_stays_in_hf	0.80
js/features/session-manager.mjs	real_hf_specialty_stays_in_hf	0.85
js/features/session-manager.test.mjs	real_hf_specialty_stays_in_hf	0.67
js/features/settings-help/help-content.mjs	real_hf_specialty_stays_in_hf	0.50
js/features/settings-help/index.mjs	real_hf_specialty_stays_in_hf	0.42
js/features/settings-help/learn-hub.mjs	real_hf_specialty_stays_in_hf	0.66
js/features/settings-help/release-notes-close.mjs	bug_fix_belongs_in_core	0.41
js/features/settings-help/release-notes.mjs	real_hf_specialty_stays_in_hf	0.55
js/features/settings-help/release-notes.test.mjs	real_hf_specialty_stays_in_hf	0.38
js/features/settings-help/settings-dropdown.mjs	real_hf_specialty_stays_in_hf	0.17
js/features/settings-help/tour-demo-seed.mjs	real_hf_specialty_stays_in_hf	0.72
js/features/settings-help/tour-engine.mjs	real_hf_specialty_stays_in_hf	0.32
js/features/settings-help/tour-flow-chapter.mjs	real_hf_specialty_stays_in_hf	0.45
js/features/settings-help/tour-flow-demo-cleanup.mjs	real_hf_specialty_stays_in_hf	0.30
js/features/settings-help/tour-flow-fundamentos-steps.mjs	real_hf_specialty_stays_in_hf	0.97
js/features/settings-help/tour-flow-lifecycle.mjs	real_hf_specialty_stays_in_hf	0.16
js/features/settings-help/tour-flow-navigation.mjs	real_hf_specialty_stays_in_hf	0.32
js/features/settings-help/tour-flow-onboarding.mjs	bug_fix_belongs_in_core	0.31
js/features/settings-help/tour-flow-render.mjs	real_hf_specialty_stays_in_hf	0.48
js/features/settings-help/tour-flow-resume.mjs	real_hf_specialty_stays_in_hf	0.27
js/features/settings-help/tour-flow.mjs	real_hf_specialty_stays_in_hf	0.77
js/features/settings-help/tour-intro-education.mjs	real_hf_specialty_stays_in_hf	0.55
js/features/settings-help/tour-intro.mjs	real_hf_specialty_stays_in_hf	0.13
js/features/settings-help/tour-intro.test.mjs	real_hf_specialty_stays_in_hf	0.58
js/features/settings-help/tour-mini.mjs	bug_fix_belongs_in_core	0.19
js/features/settings-help/tour-step-actions.mjs	real_hf_specialty_stays_in_hf	0.45
js/features/soap-estado.mjs	bug_fix_belongs_in_core	0.18
js/features/sync-apply/patient-entries-nube.test.mjs	real_hf_specialty_stays_in_hf	0.10
js/features/sync-apply/patient-entries.mjs	bug_fix_belongs_in_core	0.05
js/features/tendencias-bridge.mjs	real_hf_specialty_stays_in_hf	0.30
js/features/tendencias-catalog.mjs	real_hf_specialty_stays_in_hf	0.12
js/features/tendencias-constants.mjs	real_hf_specialty_stays_in_hf	0.42
js/features/tendencias-core.mjs	real_hf_specialty_stays_in_hf	0.06
js/features/tendencias-lab-prefs.mjs	bug_fix_belongs_in_core	0.09
js/features/tendencias-render.mjs	real_hf_specialty_stays_in_hf	0.48
js/features/tendencias-series.mjs	real_hf_specialty_stays_in_hf	0.36
js/features/tendencias-ui-detail.mjs	real_hf_specialty_stays_in_hf	0.43
js/features/tendencias-ui-shell.mjs	real_hf_specialty_stays_in_hf	0.18
js/features/tendencias.mjs	real_hf_specialty_stays_in_hf	0.38
js/features/todos-add-modal.mjs	bug_fix_belongs_in_core	0.15
js/features/todos-list-render.mjs	bug_fix_belongs_in_core	0.14
js/features/todos-list-render.test.mjs	bug_fix_belongs_in_core	0.09
js/features/todos-mutations.mjs	real_hf_specialty_stays_in_hf	0.18
js/features/todos-mutations.test.mjs	bug_fix_belongs_in_core	0.30
js/features/workbench/confirm.mjs	bug_fix_belongs_in_core	0.08
js/features/workbench/mode-frame.mjs	bug_fix_belongs_in_core	0.16
js/features/workbench/undo-toast.mjs	real_hf_specialty_stays_in_hf	0.34
js/features/workbench/undo-toast.test.mjs	real_hf_specialty_stays_in_hf	0.36
js/features/workbench/wb-table.mjs	bug_fix_belongs_in_core	0.63
js/features/workbench/wb-table.test.mjs	needs_human_review	0.10
js/gaso-extended-steps.mjs	bug_fix_belongs_in_core	0.14
js/gaso-extended.test.mjs	bug_fix_belongs_in_core	0.21
js/insulin-prandial-detect.mjs	bug_fix_belongs_in_core	0.27
js/insulin-prandial-detect.test.mjs	real_hf_specialty_stays_in_hf	0.06
js/insulin-pump-some-detect.mjs	bug_fix_belongs_in_core	0.34
js/insulin-pump-some-detect.test.mjs	bug_fix_belongs_in_core	0.19
js/keyboard-shortcuts-nudge.mjs	real_hf_specialty_stays_in_hf	0.03
js/keyboard-shortcuts-nudge.test.mjs	real_hf_specialty_stays_in_hf	0.04
js/lab-bulk-paste.mjs	bug_fix_belongs_in_core	0.19
js/lab-bulk-paste.test.mjs	needs_human_review	0.02
js/lab-consolidation-cluster.test.mjs	bug_fix_belongs_in_core	0.28
js/lab-history-auto-store-core.mjs	real_hf_specialty_stays_in_hf	0.05
js/lab-history-auto-store-core.test.mjs	real_hf_specialty_stays_in_hf	0.07
js/lab-history-cache.mjs	real_hf_specialty_stays_in_hf	0.16
js/lab-history-cache.test.mjs	bug_fix_belongs_in_core	0.26
js/lab-history-day-view.mjs	bug_fix_belongs_in_core	0.26
js/lab-history-day-view.test.mjs	bug_fix_belongs_in_core	0.20
js/lab-history-format.mjs	real_hf_specialty_stays_in_hf	0.91
js/labs-anion-gap.mjs	real_hf_specialty_stays_in_hf	0.12
js/labs-anion-gap.test.mjs	real_hf_specialty_stays_in_hf	0.20
js/labs-bh-extended.test.mjs	real_hf_specialty_stays_in_hf	0.26
js/labs-bh.mjs	real_hf_specialty_stays_in_hf	0.21
js/labs-chemistry.mjs	real_hf_specialty_stays_in_hf	0.20
js/labs-citoquimico-interpret-rules.mjs	bug_fix_belongs_in_core	0.22
js/labs-citoquimico-interpret.mjs	bug_fix_belongs_in_core	0.25
js/labs-citoquimico-interpret.test.mjs	real_hf_specialty_stays_in_hf	0.18
js/labs-citoquimico-liquidos.test.mjs	real_hf_specialty_stays_in_hf	0.07
js/labs-citoquimico-scan.mjs	bug_fix_belongs_in_core	0.19
js/labs-coag.test.mjs	real_hf_specialty_stays_in_hf	0.06
js/labs-cultivo-atb.mjs	real_hf_specialty_stays_in_hf	0.20
js/labs-cultivo-atb.test.mjs	bug_fix_belongs_in_core	0.08
js/labs-cultivo-scan.mjs	real_hf_specialty_stays_in_hf	0.02
js/labs-cultivo-scan.test.mjs	bug_fix_belongs_in_core	0.39
js/labs-cultivo.mjs	real_hf_specialty_stays_in_hf	0.09
js/labs-cultivo.test.mjs	bug_fix_belongs_in_core	0.43
js/labs-default-refs.mjs	real_hf_specialty_stays_in_hf	0.06
js/labs-default-refs.test.mjs	real_hf_specialty_stays_in_hf	0.38
js/labs-display.mjs	real_hf_specialty_stays_in_hf	0.26
js/labs-display.test.mjs	real_hf_specialty_stays_in_hf	0.11
js/labs-ego-parse-helpers.mjs	real_hf_specialty_stays_in_hf	0.88
js/labs-ego-parse.mjs	real_hf_specialty_stays_in_hf	0.40
js/labs-ego-plt-cit.test.mjs	real_hf_specialty_stays_in_hf	0.31
js/labs-extract.mjs	bug_fix_belongs_in_core	0.39
js/labs-fluidos-misc.mjs	real_hf_specialty_stays_in_hf	0.36
js/labs-fluidos.mjs	real_hf_specialty_stays_in_hf	0.43
js/labs-gases.test.mjs	real_hf_specialty_stays_in_hf	0.13
js/labs-gaso-section.mjs	bug_fix_belongs_in_core	0.31
js/labs-lcr-parse.mjs	real_hf_specialty_stays_in_hf	0.19
js/labs-lcr-parse.test.mjs	real_hf_specialty_stays_in_hf	0.29
js/labs-lcr-scan.mjs	real_hf_specialty_stays_in_hf	0.05
js/labs-lipidos.test.mjs	bug_fix_belongs_in_core	0.13
js/labs-manual-catalog.mjs	real_hf_specialty_stays_in_hf	0.38
js/labs-panel-overlay-store.mjs	bug_fix_belongs_in_core	0.20
js/labs-panel-overlay.mjs	real_hf_specialty_stays_in_hf	0.18
js/labs-panel-parse.mjs	bug_fix_belongs_in_core	0.44
js/labs-procesar.mjs	real_hf_specialty_stays_in_hf	0.63
js/labs-report-refs.mjs	bug_fix_belongs_in_core	0.55
js/labs-reslabs-sanitize.mjs	real_hf_specialty_stays_in_hf	0.11
js/labs-reslabs-sanitize.test.mjs	real_hf_specialty_stays_in_hf	0.09
js/labs-section-order.mjs	real_hf_specialty_stays_in_hf	0.52
js/labs-some-table-helpers.mjs	bug_fix_belongs_in_core	0.17
js/labs-some-table-parse-loop.mjs	bug_fix_belongs_in_core	0.25
js/labs-some-table-row-parse.mjs	bug_fix_belongs_in_core	0.22
js/labs-trend-order.test.mjs	real_hf_specialty_stays_in_hf	0.16
js/labs-troponin.mjs	bug_fix_belongs_in_core	0.48
js/labs.js	real_hf_specialty_stays_in_hf	0.32
js/lazy-feature-routes-handlers.mjs	real_hf_specialty_stays_in_hf	0.52
js/lazy-feature-routes.mjs	real_hf_specialty_stays_in_hf	0.92
js/med-pharm-profile-core.mjs	bug_fix_belongs_in_core	0.38
js/med-pharm-profile-core.test.mjs	real_hf_specialty_stays_in_hf	0.02
js/med-receta-format.mjs	real_hf_specialty_stays_in_hf	0.44
js/med-receta-iv-oral.mjs	bug_fix_belongs_in_core	0.09
js/med-receta-nombre.mjs	real_hf_specialty_stays_in_hf	0.04
js/med-receta-parse.mjs	real_hf_specialty_stays_in_hf	0.15
js/med-receta-soap-some-map.mjs	real_hf_specialty_stays_in_hf	0.31
js/med-receta-soap-some-map.test.mjs	real_hf_specialty_stays_in_hf	0.09
js/med-receta-soap.mjs	real_hf_specialty_stays_in_hf	0.32
js/min-version-fetch.mjs	real_hf_specialty_stays_in_hf	0.11
js/min-version-fetch.test.mjs	bug_fix_belongs_in_core	0.13
js/mobile-sharer-sync.mjs	real_hf_specialty_stays_in_hf	0.72
js/mobile-sharer-sync.test.mjs	real_hf_specialty_stays_in_hf	0.38
js/mobile-team-patient-scope.mjs	real_hf_specialty_stays_in_hf	0.44
js/mobile-team-patient-scope.test.mjs	real_hf_specialty_stays_in_hf	0.47
js/mobile-web.mjs	real_hf_specialty_stays_in_hf	0.64
js/mobile-web.test.mjs	real_hf_specialty_stays_in_hf	0.31
js/modal-dismiss.mjs	real_hf_specialty_stays_in_hf	0.17
js/modal-dismiss.test.mjs	real_hf_specialty_stays_in_hf	0.11
js/mode-features.mjs	real_hf_specialty_stays_in_hf	0.80
js/onboarding-curriculum.mjs	real_hf_specialty_stays_in_hf	0.42
js/onboarding-curriculum.test.mjs	real_hf_specialty_stays_in_hf	0.86
js/onboarding-progress.mjs	real_hf_specialty_stays_in_hf	0.15
js/patient-accesos.mjs	real_hf_specialty_stays_in_hf	0.32
js/patient-accesos.test.mjs	real_hf_specialty_stays_in_hf	0.15
js/patient-admission-incomplete.mjs	real_hf_specialty_stays_in_hf	0.76
js/patient-data-accesos-ui.mjs	real_hf_specialty_stays_in_hf	0.46
js/patient-data-censo-ui.mjs	real_hf_specialty_stays_in_hf	0.48
js/patient-data-ingreso-ui.mjs	real_hf_specialty_stays_in_hf	0.50
js/patient-delete-auth.mjs	real_hf_specialty_stays_in_hf	0.66
js/patient-delete-auth.test.mjs	real_hf_specialty_stays_in_hf	0.64
js/patient-diagnosticos.mjs	real_hf_specialty_stays_in_hf	0.31
js/patient-export-format.test.mjs	real_hf_specialty_stays_in_hf	0.35
js/patient-list-incremental.mjs	real_hf_specialty_stays_in_hf	0.84
js/patient-list-incremental.test.mjs	real_hf_specialty_stays_in_hf	0.73
js/patient-list-virtual.mjs	needs_human_review	0.07
js/patient-list-virtual.test.mjs	bug_fix_belongs_in_core	0.24
js/patient-merge.mjs	real_hf_specialty_stays_in_hf	0.78
js/patient-merge.test.mjs	real_hf_specialty_stays_in_hf	0.20
js/patient-sala-ui.test.mjs	real_hf_specialty_stays_in_hf	0.85
js/patient-sidebar-card.mjs	real_hf_specialty_stays_in_hf	0.16
js/patient-sidebar-card.test.mjs	real_hf_specialty_stays_in_hf	0.23
js/patient-team-assign-ui.mjs	real_hf_specialty_stays_in_hf	0.75
js/patient-team-assign-ui.test.mjs	real_hf_specialty_stays_in_hf	0.13
js/patient-team-scope.mjs	real_hf_specialty_stays_in_hf	0.36
js/patient-team-scope.test.mjs	real_hf_specialty_stays_in_hf	0.39
js/pitch-demo-export-perez-data.mjs	real_hf_specialty_stays_in_hf	0.96
js/potassium-repos-detect.mjs	real_hf_specialty_stays_in_hf	0.23
js/potassium-repos-detect.test.mjs	real_hf_specialty_stays_in_hf	0.07
js/potassium-repos-display.mjs	real_hf_specialty_stays_in_hf	0.35
js/stable-downgrade-ui.mjs	bug_fix_belongs_in_core	0.21
js/stable-downgrade-ui.test.mjs	real_hf_specialty_stays_in_hf	0.23
js/storage/storage-core.mjs	needs_human_review	0.07
js/storage/storage-save-all.mjs	real_hf_specialty_stays_in_hf	0.23
js/storage/storage-todo-normalize.mjs	real_hf_specialty_stays_in_hf	0.39
js/storage/storage-todo-normalize.test.mjs	real_hf_specialty_stays_in_hf	0.21
js/storage-quota.mjs	real_hf_specialty_stays_in_hf	0.14
js/storage-quota.test.mjs	real_hf_specialty_stays_in_hf	0.21
js/stubs/cloud-mobile-lan-strip.mjs	real_hf_specialty_stays_in_hf	0.82
js/tend-core.mjs	real_hf_specialty_stays_in_hf	0.35
js/tend-core.test.mjs	real_hf_specialty_stays_in_hf	0.09
js/tend-export-render.mjs	real_hf_specialty_stays_in_hf	0.13
js/tend-export.mjs	real_hf_specialty_stays_in_hf	0.30
js/tend-group-chart-helpers.mjs	real_hf_specialty_stays_in_hf	0.29
js/tend-group-charts-render.mjs	real_hf_specialty_stays_in_hf	0.19
js/tend-group-gaso-slot.mjs	real_hf_specialty_stays_in_hf	0.19
js/tend-group-modal-open.test.mjs	real_hf_specialty_stays_in_hf	0.34
js/tend-group-modal.mjs	real_hf_specialty_stays_in_hf	0.50
js/tend-group-table-render.mjs	real_hf_specialty_stays_in_hf	0.15
js/tend-group-table-render.test.mjs	real_hf_specialty_stays_in_hf	0.14
js/tend-prefs.mjs	real_hf_specialty_stays_in_hf	0.41
js/tend-prefs.test.mjs	real_hf_specialty_stays_in_hf	0.36
js/todos-due.mjs	bug_fix_belongs_in_core	0.61
js/todos-due.test.mjs	bug_fix_belongs_in_core	0.47
js/tour-demo-todos.mjs	needs_human_review	0.03
js/tour-demo-todos.test.mjs	needs_human_review	0.05
js/tour-guards.mjs	real_hf_specialty_stays_in_hf	0.72
js/tour-guards.test.mjs	real_hf_specialty_stays_in_hf	0.65
js/tour-pitch-demo-todos.mjs	bug_fix_belongs_in_core	0.21
js/tour-pitch-demo-todos.test.mjs	real_hf_specialty_stays_in_hf	0.16
js/tour-pitch-monitoreo.test.mjs	real_hf_specialty_stays_in_hf	0.37
js/tour-pitch-seed-maps.mjs	real_hf_specialty_stays_in_hf	0.96
js/tour-targets.mjs	real_hf_specialty_stays_in_hf	0.78
js/tour-targets.test.mjs	real_hf_specialty_stays_in_hf	0.67
js/ui-approval-card.mjs	bug_fix_belongs_in_core	0.12
js/ui-approval-card.test.mjs	real_hf_specialty_stays_in_hf	0.11
js/ui-motion.mjs	real_hf_specialty_stays_in_hf	0.18
js/ui-motion.test.mjs	needs_human_review	0.05
js/ui-overlay.mjs	bug_fix_belongs_in_core	0.39
js/ui-toast.mjs	real_hf_specialty_stays_in_hf	0.14
js/ui-toast.test.mjs	real_hf_specialty_stays_in_hf	0.17
js/virtual-scroll.mjs	real_hf_specialty_stays_in_hf	0.33
styles/base.css	real_hf_specialty_stays_in_hf	0.27
styles/cloud-sync.css	real_hf_specialty_stays_in_hf	0.70
styles/cmdk.css	real_hf_specialty_stays_in_hf	0.26
styles/estado-actual.css	real_hf_specialty_stays_in_hf	0.74
styles/eventualidades.css	real_hf_specialty_stays_in_hf	0.92
styles/expediente.css	real_hf_specialty_stays_in_hf	0.21
styles/group-row.css	real_hf_specialty_stays_in_hf	0.27
styles/lab.css	real_hf_specialty_stays_in_hf	0.61
styles/layout.css	real_hf_specialty_stays_in_hf	0.52
styles/med-pharm-profile.css	real_hf_specialty_stays_in_hf	0.18
styles/mobile-surfaces.css	real_hf_specialty_stays_in_hf	0.22
styles/mobile.css	real_hf_specialty_stays_in_hf	0.35
styles/modals.css	real_hf_specialty_stays_in_hf	0.73
styles/motion.css	real_hf_specialty_stays_in_hf	0.37
styles/nota-evolucion.css	real_hf_specialty_stays_in_hf	0.08
styles/overlays.css	real_hf_specialty_stays_in_hf	0.20
styles/pase-board.css	real_hf_specialty_stays_in_hf	0.78
styles/patient-dashboard.css	real_hf_specialty_stays_in_hf	0.81
styles/receta-hu.css	real_hf_specialty_stays_in_hf	0.28
styles/rpc-date-picker.css	real_hf_specialty_stays_in_hf	0.07
styles/settings.css	real_hf_specialty_stays_in_hf	0.51
styles/sidebar.css	real_hf_specialty_stays_in_hf	0.19
styles/teal-workbench.test.mjs	real_hf_specialty_stays_in_hf	0.24
styles/ui-overlay.css	real_hf_specialty_stays_in_hf	0.14
styles/ui-patterns.css	real_hf_specialty_stays_in_hf	0.10
styles/vpo.css	real_hf_specialty_stays_in_hf	0.40
styles/workbench-kit.css	real_hf_specialty_stays_in_hf	0.14
styles/workbench-surfaces.css	real_hf_specialty_stays_in_hf	0.48
tokens.css	real_hf_specialty_stays_in_hf	0.14
