admin-access-code.mjs	real_hf_specialty_stays_in_hf	0.46
admin-access-code.test.mjs	real_hf_specialty_stays_in_hf	0.24
clinical-repo/index.mjs	real_hf_specialty_stays_in_hf	0.61
clinical-repo/sync/op-encoder.mjs	real_hf_specialty_stays_in_hf	0.20
clinical-repo/sync/op-encoder.test.mjs	real_hf_specialty_stays_in_hf	0.57
clinical-salas.mjs	real_hf_specialty_stays_in_hf	0.68
clinical-scope/characterization.test.mjs	real_hf_specialty_stays_in_hf	0.67
clinical-scope/evaluate/evaluate-clinical-scope.mjs	real_hf_specialty_stays_in_hf	0.60
clinical-scope/evaluate/index.mjs	real_hf_specialty_stays_in_hf	0.42
clinical-scope/evaluate/preamble.mjs	real_hf_specialty_stays_in_hf	0.70
clinical-scope/evaluate/scope-context.mjs	real_hf_specialty_stays_in_hf	0.30
clinical-scope/fixtures/evaluate-clinical-scope.json	real_hf_specialty_stays_in_hf	0.51
clinical-scope/fixtures/team-membership.json	real_hf_specialty_stays_in_hf	0.26
clinical-scope/index.mjs	real_hf_specialty_stays_in_hf	0.67
clinical-scope/interconsultas.mjs	real_hf_specialty_stays_in_hf	0.58
clinical-scope/team-membership.mjs	real_hf_specialty_stays_in_hf	0.36
clinical-team-composition.mjs	real_hf_specialty_stays_in_hf	0.60
clinical-team-composition.test.mjs	real_hf_specialty_stays_in_hf	0.28
clinical-text.mjs	real_hf_specialty_stays_in_hf	0.19
cloud-sync-ipc-fetch.cjs	bug_fix_belongs_in_core	0.34
cloud-sync-ipc-fetch.test.cjs	real_hf_specialty_stays_in_hf	0.15
db/clinical-access-db.mjs	real_hf_specialty_stays_in_hf	0.74
db/clinical-access-directory.mjs	real_hf_specialty_stays_in_hf	0.35
db/clinical-access-rotation.mjs	real_hf_specialty_stays_in_hf	0.17
db/clinical-access-teams-core.mjs	real_hf_specialty_stays_in_hf	0.13
db/clinical-access-teams-membership.mjs	real_hf_specialty_stays_in_hf	0.27
db/clinical-access-teams-query.mjs	real_hf_specialty_stays_in_hf	0.37
db/clinical-access-users-provision.test.mjs	real_hf_specialty_stays_in_hf	0.42
db/clinical-access-users.mjs	real_hf_specialty_stays_in_hf	0.50
db/clinical-blob-keys.mjs	real_hf_specialty_stays_in_hf	0.14
db/clinical-blobs.mjs	real_hf_specialty_stays_in_hf	0.15
db/clinical-ops-bundle-merge-snapshots.cjs	real_hf_specialty_stays_in_hf	0.28
db/clinical-ops-bundle-merge.cjs	real_hf_specialty_stays_in_hf	0.14
db/clinical-ops-fk-repro.test.mjs	real_hf_specialty_stays_in_hf	0.65
db/clinical-ops-sync-export.mjs	real_hf_specialty_stays_in_hf	0.53
db/clinical-ops-sync-merge-guardias.mjs	real_hf_specialty_stays_in_hf	0.42
db/clinical-ops-sync-merge-teams.mjs	bug_fix_belongs_in_core	0.21
db/clinical-ops-sync-merge-users.mjs	real_hf_specialty_stays_in_hf	0.39
db/clinical-ops-sync-merge-utils.mjs	real_hf_specialty_stays_in_hf	0.19
db/clinical-ops-sync-merge.mjs	real_hf_specialty_stays_in_hf	0.29
db/clinical-privileges.mjs	real_hf_specialty_stays_in_hf	0.68
db/clinical-privileges.test.mjs	real_hf_specialty_stays_in_hf	0.54
db/clinical-username.mjs	real_hf_specialty_stays_in_hf	0.37
db/clinical-username.test.mjs	real_hf_specialty_stays_in_hf	0.09
db/ipc-handlers-bind.mjs	real_hf_specialty_stays_in_hf	0.29
db/ipc-handlers-register-core.mjs	real_hf_specialty_stays_in_hf	0.55
db/ipc-handlers-register-guardia.mjs	real_hf_specialty_stays_in_hf	0.47
db/ipc-handlers-register-profile.mjs	real_hf_specialty_stays_in_hf	0.59
db/ipc-handlers-register-teams.mjs	real_hf_specialty_stays_in_hf	0.76
db/ipc-handlers.mjs	real_hf_specialty_stays_in_hf	0.93
db/ipc-handlers.test.mjs	real_hf_specialty_stays_in_hf	0.71
db/schema-migrate-v11-helpers.mjs	bug_fix_belongs_in_core	0.33
db/schema-migrate-v15-v17.mjs	real_hf_specialty_stays_in_hf	0.88
db/schema-primitives.mjs	real_hf_specialty_stays_in_hf	0.28
db/schema-v21-clinical-sala-check.test.mjs	real_hf_specialty_stays_in_hf	0.38
db/schema-v22-user-activity-log.test.mjs	real_hf_specialty_stays_in_hf	0.26
db/schema.mjs	real_hf_specialty_stays_in_hf	0.77
db/schema.test.mjs	real_hf_specialty_stays_in_hf	0.79
doc-export-service.js	real_hf_specialty_stays_in_hf	0.93
doc-generators/listado-table-body.js	real_hf_specialty_stays_in_hf	0.41
doc-generators/listado.js	real_hf_specialty_stays_in_hf	0.35
drive-import/drive-import-hc-edit.mjs	real_hf_specialty_stays_in_hf	0.24
drive-import/drive-import-review-apply.mjs	real_hf_specialty_stays_in_hf	0.20
drive-import/drive-import-review-build.mjs	real_hf_specialty_stays_in_hf	0.35
drive-import/drive-import-review.mjs	real_hf_specialty_stays_in_hf	0.38
drive-import/drive-import-review.test.mjs	real_hf_specialty_stays_in_hf	0.27
drive-import/format-drive-import-preview-sections.mjs	real_hf_specialty_stays_in_hf	0.51
drive-import/format-drive-import-preview.mjs	real_hf_specialty_stays_in_hf	0.41
drive-import/parse-drive-document.mjs	real_hf_specialty_stays_in_hf	0.39
drive-import/parse-drive-document.test.mjs	real_hf_specialty_stays_in_hf	0.32
entrega/entrega-chip-markers.mjs	real_hf_specialty_stays_in_hf	0.29
entrega/entrega-chip-markers.test.mjs	real_hf_specialty_stays_in_hf	0.20
entrega/entrega-handoff-context.mjs	real_hf_specialty_stays_in_hf	0.37
entrega/entrega-handoff-context.test.mjs	real_hf_specialty_stays_in_hf	0.46
entrega/entrega-pendientes.mjs	real_hf_specialty_stays_in_hf	0.40
entrega/entrega-pendientes.test.mjs	real_hf_specialty_stays_in_hf	0.34
lab-repo/fetch-run.mjs	real_hf_specialty_stays_in_hf	0.27
lab-repo/fetch-run.test.mjs	real_hf_specialty_stays_in_hf	0.24
lab-repo/lab-repo-fetch.mjs	real_hf_specialty_stays_in_hf	0.56
update-feed.test.mjs	real_hf_specialty_stays_in_hf	0.31
